<?xml version="1.0" encoding="UTF-8"?>
<project-private xmlns="http://www.netbeans.org/ns/project-private/1">
    <editor-bookmarks xmlns="http://www.netbeans.org/ns/editor-bookmarks/2" lastBookmarkId="0"/>
    <open-files xmlns="http://www.netbeans.org/ns/projectui-open-files/2">
        <group>
            <file>file:/C:/Users/raoulhakim/Documents/NetBeansProjects/iniExam/src/quixExamStudent.java</file>
            <file>file:/C:/Users/raoulhakim/Documents/NetBeansProjects/iniExam/src/adminHome.java</file>
            <file>file:/C:/Users/raoulhakim/Documents/NetBeansProjects/iniExam/src/studentDetails.java</file>
            <file>file:/C:/Users/raoulhakim/Documents/NetBeansProjects/iniExam/src/index.java</file>
            <file>file:/C:/Users/raoulhakim/Documents/NetBeansProjects/iniExam/src/deleteQuestion.java</file>
            <file>file:/C:/Users/raoulhakim/Documents/NetBeansProjects/iniExam/src/updateQuestion.java</file>
            <file>file:/C:/Users/raoulhakim/Documents/NetBeansProjects/iniExam/src/Project/ConnectionProvider.java</file>
            <file>file:/C:/Users/raoulhakim/Documents/NetBeansProjects/iniExam/src/addNewQuestion.java</file>
            <file>file:/C:/Users/raoulhakim/Documents/NetBeansProjects/iniExam/src/instructionStudent.java</file>
            <file>file:/C:/Users/raoulhakim/Documents/NetBeansProjects/iniExam/src/loginAdmin.java</file>
            <file>file:/C:/Users/raoulhakim/Documents/NetBeansProjects/iniExam/src/allQuestion.java</file>
            <file>file:/C:/Users/raoulhakim/Documents/NetBeansProjects/iniExam/src/allStudentResult.java</file>
        </group>
    </open-files>
</project-private>
